1, 35961471
2, 8213047
3, -1539607265
4, -1539976897
5, -1539947609
6, 41812071
7, 8129335
8, -1540022185
9, 35547535
10, -1539751497
11, -807372785
12, -949903625
13, -949733321
14, -807365049
15, -1539739633
16, 35817143
17, -807367705
18, 8130895
19, 8198199
20, -949692233
21, 35561879
22, -1539742425
23, -1539742689
24, 8044159
25, 35992703
26, -1539948937
27, -1539607265
28, -807361233
29, 36058967
30, 8130791
31, -949715025
32, 36058535
33, -1539948241
34, 41
35, 3
36, 3
37, 10
38, 3
39, 36033015
40, 9
41, 6
42, 4
43, 5
44, 21
45, 2
46, 36
47, 2
48, 2
49, 7
50, 3
51, 3
52, 14
53, 71
54, 8
55, 20
56, 8063543
57, 2
58, -1539736825
59, 8194239
60, 3
61, 4
62, -949920865
63, 8193767
64, 3
65, 35821583
66, 35873239
67, 5
68, 9
69, 3
70, 3
71, 3
72, 35863943
73, 2
74, 35927999
75, 10
76, 3
77, 2
78, 4
79, 10
80, 19
81, 8
82, 8
83, 6
84, 8
85, 4
86, 8097535
87, 3
88, 2
89, 2
90, 77
91, 2
92, 2
93, 2
94, 2
95, 3
96, 14
97, 2
98, 5
99, 34
100, 8
101, 5
102, 4
103, 12
104, 2
105, 3
106, 3
107, 163
108, 38
109, 158
110, 80
111, 3
112, 7
113, 2
114, 3
115, 59
116, 10
117, 118
118, 59
119, 17
120, 45
121, 81
122, 3
123, 11
124, 25
125, 81
126, 39
127, 13
128, 27
129, 69
130, 12
131, 5
132, 3
133, 2
134, 3
135, 12
136, 73
137, 2
138, 6
139, 2
140, 3
141, 8
142, 2
143, 2
144, 4
145, 4
146, 23
147, 5
148, 62
149, 17
150, 6
151, 46
152, 3
153, 6
154, 12
155, 5
156, 3
157, 7
158, 7
159, 24
160, 2
161, 4
162, 2
163, 3
164, 5
165, 8
166, 15
167, 143
168, 7
169, 12
170, 6
171, 18
172, 3
173, 90
174, 16
175, 12
176, 84
177, 4
178, 49
179, 6
180, 4
181, 3
182, 10
183, 6
184, 3
185, 4
186, 5
187, 3
188, 5
189, 4
190, 2
191, 2
192, 17
193, 3
194, 3
195, 4
196, 3
197, 17
198, 13
199, 3
200, 3
201, 3
202, 2
203, 8
204, 7
205, 2
206, 3
207, 6
208, 5
209, 4
210, 2
211, 9
212, 4
213, 16
214, 2
215, 7
216, 5
217, 11
218, 2
219, 2
220, 2
221, 2
222, 8
223, 11
224, 15
225, 6
226, 10
227, 8
228, 3
229, 5
230, 15
231, 5
232, 7
233, 4
234, 3
235, 2
236, 3
237, 2
238, 5
239, 3
240, 2
241, 3
242, 4
243, 2
244, 6
245, 4
246, 4
247, 2
248, 2
249, 3
250, 2
251, 2
252, 5
253, 3
254, 35
255, 40
256, 36
257, 19
258, 35
259, 30
260, 24
261, 44
262, 41
263, 32
264, 43
265, 415
266, 247
267, 247
268, 336
269, 352
270, 269
271, 275
272, 274
273, 297
274, 328
275, 278
276, 277
277, 268
278, 3
279, 226
280, 347
281, 255
282, 413
283, 308
284, 298
285, 3
286, 5
287, 3
288, 12
289, 48
290, 4
291, 4
292, 2
293, 20
294, 184
295, 126
296, 10
297, 24
298, 2
299, 5
300, 5
301, 3
302, 49
303, 3
304, 62
305, 27
306, 106
307, 5
308, 12
309, 27
310, 18
311, 7
312, 3
313, 3
314, 173
315, 4
316, 2
317, 196
318, 2
319, 7
320, 107
321, 35
322, 76
323, 2
324, 62
325, 4
326, 4
327, 2
328, 35
329, 5
330, 4
331, 3
332, 4
333, 6
334, 4
335, 7
336, 7
337, 16
338, 14
339, 3
340, 6
341, 4
342, 7
343, 5
344, 9
345, 25
346, 48
347, 30
348, 6
349, 10
350, 8
351, 17
352, 7
353, 9
354, 35
355, 11
356, 2
357, 113
358, 20
359, 3
360, 4
361, 10
362, 31
363, 3
364, 3
365, 3
366, 4
367, 6
368, 5
369, 2
370, 10
371, 117
372, 21
373, 37
374, 3
375, 26
376, 3
377, 2
378, 3
379, 2
380, 5
381, 104
382, 77
383, 8
384, 2
385, 4
386, 8
387, 29
388, 3
389, 2
390, 199
391, 3
392, 11
393, 7
394, 31
395, 2
396, 3
397, 6
398, 4
399, 3
400, 9
401, 20
402, 9
403, 8
404, 35
405, 31
406, 37
407, 2
408, 5
409, 102
410, 3
411, 17
412, 27
413, 6
414, 3
415, 10
416, 3
417, 30
418, 108
419, 2
420, 25
421, 16
422, 139
423, 4
424, 2
425, 2
426, 104
427, 62
428, 2
429, 4
430, 3
431, 25
432, 10
433, 8
434, 17
435, 9
436, 9
437, 24
438, 2
439, 201
440, 8
441, 19
442, 82
443, 113
444, 104
445, 10
446, 3
447, 10
448, 129
449, 8
450, 150
451, 82
452, 3
453, 58
454, 3
455, 3
456, 3
457, 3
458, 89
459, 59
460, 9
461, 22
462, 2
463, 188
464, 4
465, 3
466, 4
467, 34
468, 4
469, 34
470, 44
471, 104
472, 3
473, 4
474, 4
475, 11
476, 6
477, 3
478, 2
479, 7
480, 8
481, 2
482, 5
483, 5
484, 5
485, 38
486, 2
487, 5
488, 4
489, 9
490, 2
491, 3
492, 2
493, 22
494, 3
495, 2
496, 8
497, 67
498, 7
499, 6
500, 3
501, 2
502, 9
503, 4
504, 27
505, 2
506, 28
507, 28
508, 257
509, 23
510, 8
511, 14
512, 7
513, 3
514, 4
515, 8
516, 2
517, 8
518, 6
519, 3
520, 6
521, 2
522, 6
523, 2
524, 5
525, 2
526, 67
527, 42
528, 5
529, 2
530, 5
531, 3
532, 2
533, 6
534, 4
535, 4
536, 2
537, 8
538, 83
539, 8
540, 2
541, 7
542, 83
543, 8
544, 9
545, 65
546, 6
547, 10
548, 3
549, 6
550, 2
551, 3
552, 2
553, 16
554, 4
555, 2
556, 18
557, 147
558, 4
559, 21
560, 3
561, 2
562, 18
563, 4
564, 2
565, 153
566, 2
567, 41
568, 17
569, 18
570, 2
571, 5
572, 96
573, 3
574, 2
575, 44
576, 4
577, 18
578, 2
579, 34
580, 227
581, 15
582, 6
583, 2
584, 9
585, 11
586, 28
587, 4
588, 15
589, 2
590, 5
591, 210
592, 27
593, 4
594, 11
595, 4
596, 12
597, 11
598, 3
599, 5
600, 2
601, 8
602, 51
603, 40
604, 51
605, 21
606, 11
607, 24
608, 24
609, 255
610, 39
611, 4
612, 26
613, 3
614, 2
615, 41
616, 4
617, 13
618, 2
619, 2
620, 161
621, 2
622, 5
623, 23
624, 12
625, 8
626, 8
627, 7
628, 4
629, 4
630, 5
631, 5
632, 13
633, 18
634, 16
635, 3
636, 10
637, 2
638, 10
639, 11
640, 3
641, 363
642, 113
643, 2
644, 2
645, 6
646, 21
647, 219
648, 3
649, 22
650, 2
651, 6
652, 30
653, 2
654, 41
655, 11
656, 6
657, 13
658, 11
659, 9
660, 3
661, 2
662, 2
663, 8
664, 7
665, 3
666, 3
667, 4
668, 7
669, 4
670, 19
671, 2
672, 7
673, 10
674, 12
675, 4
676, 3
677, 11
678, 9
679, 7
680, 5
681, 39
682, 8
683, 81
684, 2
685, 7
686, 3
687, 36
688, 3
689, 2
690, 5
691, 4
692, 20
693, 2
694, 3
695, 18
696, 12
697, 134
698, 3
699, 2
700, 3
701, 45
702, 2
703, 3
704, 9
705, 10
706, 6
707, 7
708, 2
709, 5
710, 3
711, 4
712, 4
713, 12
714, 11
715, 7
716, 9
717, 5
718, 5
719, 9
720, 5
721, 45
722, 4
723, 2
724, 17
725, 3
726, 2
727, 2
728, 3
729, 2
730, 4
731, 183
732, 6
733, 5
734, 5
735, 5
736, 4
737, 3
738, 5
739, 7
740, 19
741, 4
742, 4
743, 9
744, 13
745, 3
746, 36
747, 7
748, 10
749, 36
750, 7
751, 4
752, 200
753, 22
754, 2
755, 5
756, 3
757, 2
758, 2
759, 3
760, 31
761, 2
762, 31
763, 6
764, 2
765, 3
766, 194
767, 14
768, 33
769, 18
770, 6
771, 6
772, 9
773, 30
774, 3
775, 101
776, 7
777, 6
778, 6
779, 3
780, 11
781, 11
782, 18
783, 17
784, 108
785, 68
786, 11
787, 101
788, 16
789, 188
790, 188
791, 25
792, 9
793, 7
794, 3
795, 6
796, 5
797, 4
798, 62
799, 3
800, 2
801, 2
802, 14
803, 45
804, 4
805, 9
806, 5
807, 3
808, 5
809, 6
810, 5
811, 4
812, 169
813, 418
814, 435
815, 278
816, 261
817, 5
818, 418
819, 45
820, 60
821, 6
822, 30
823, 9
824, 2
825, 37
826, 91
827, 88
828, 49
829, 3
830, 18
831, 22
832, 36
833, 15
834, 32
835, 330
836, 35
837, 59
838, 9
839, 53
840, 33
841, 13
842, 98
843, 24
844, 2
845, 2
846, 396
847, 349
848, 303
849, 89
850, 4
851, 9
852, 142
853, 122
854, 220
855, 8
856, 17
857, 2
858, 2
859, 2
860, 4
861, 298
862, 298
863, 310
864, 289
865, 160
866, 21
867, 279
868, 291
869, 14
870, 35
871, 166
872, 62
873, 32
874, 33
875, 220
876, 54
877, 178
878, 6
879, 42
880, 48
881, 4
882, 9
883, 124
884, 362
885, 257
886, 3
887, 132
888, 68
889, 36
890, 77
891, 15
892, 10
893, 45
894, 11
895, 2
896, 15
897, 3
898, 41
899, 3
900, 36
901, 330
902, 336
903, 302
904, 283
905, 323
906, 296
907, 361
908, 262
909, 298
910, 323
911, 294
912, 290
913, 232
914, 356
915, 378
916, 339
917, 299
918, 279
919, 267
920, 355
921, 343
922, 265
923, 230
924, 54
925, 53
926, 38
927, 19
928, 220
929, 92
930, 21
931, 25
932, 74
933, 13
934, 25
935, 10
936, 2
937, 44
938, 14
939, 387
940, 268
941, 23
942, 349
943, 21
944, 69
945, 26
946, 30
947, 60
948, 79
949, 8
950, 274
951, 8
952, 38
953, 15
954, 69
955, 22
956, 26
957, 19
958, 38
959, 20
960, 40
961, 15
962, 27
963, 26
964, 20
965, 30
966, 44
967, 67
968, 177
969, 169
970, 103
971, 54
972, 86
973, 180
974, 16
975, 179
976, 32
977, 3
978, 7
979, 60
980, 30
981, 67
982, 31
983, 51
984, 29
985, 41
986, 44
987, 56
988, 3
989, 9
990, 12
991, 63
992, 69
993, 28
994, 30
995, 63
996, 2
997, 13
998, 19
999, 14
1000, 27
1001, 6
1002, 6
1003, 11
1004, 10
1005, 4
1006, 3
1007, 7
1008, 11
1009, 8
1010, 3
1011, 8
1012, 7
1013, 13
1014, 5
1015, 14
1016, 34
1017, 11
1018, 7
1019, 3
1020, 14
1021, 5
1022, 4
1023, 3
1024, 7
1025, 7
1026, 11
1027, 24
1028, 17
1029, 11
1030, 48
1031, 3
1032, 27
1033, 68
1034, 4
1035, 55
1036, 20
1037, 25
1038, 21
1039, 79
1040, 49
1041, 25
1042, 61
1043, 29
1044, 29
1045, 30
1046, 28
1047, 36
1048, 162
1049, 19
1050, 13
1051, 14
1052, 3
1053, 118
1054, 47
1055, 114
1056, 18
1057, 29
1058, 49
1059, 7
1060, 14
1061, 11
1062, 3
1063, 18
1064, 16
1065, 78
1066, 63
1067, 48
1068, 170
1069, 188
1070, 23
1071, 19
1072, 192
1073, 88
1074, 246
1075, 103
1076, 18
1077, 15
1078, 12
1079, 18
1080, 18
1081, 4
1082, 41
1083, 16
1084, 13
1085, 30
1086, 63
1087, 12
1088, 26
1089, 12
1090, 7
1091, 3
1092, 4
1093, 3
1094, 6
1095, 5
1096, 9
1097, 3
1098, 3
1099, 3
1100, 4
1101, 3
1102, 3
1103, 3
1104, 43
1105, 4
1106, 40
1107, 6
1108, 12
1109, 6
1110, 6
1111, 3
1112, 8
1113, 4
1114, 3
1115, 3
1116, 4
1117, 6
1118, 5
1119, 10
1120, 12
1121, 6
1122, 4
1123, 3
1124, 3
1125, 141
1126, 21
1127, 17
1128, 33
1129, 57
1130, 45
1131, 81
1132, 82
1133, 11
1134, 35
1135, 3
1136, 4
1137, 72
1138, 52
1139, 51
1140, 12
1141, 16
1142, 12
1143, 8
1144, 12
1145, 4
1146, 3
1147, 3
1148, 4
1149, 3
1150, 3
1151, 7
1152, 47
1153, 5
1154, 8
1155, 14
1156, 7
1157, 10
1158, 4
1159, 11
1160, 5
1161, 9
1162, 4
1163, 209
1164, 108
1165, 3
1166, 14
1167, 26
1168, 124
1169, 13
1170, 8
1171, 34
1172, 29
1173, 78
1174, 20
1175, 48
1176, 118
1177, 15
1178, 23
1179, 9
1180, 5
1181, 9
1182, 16
1183, 38
1184, 16
1185, 14
1186, 50
1187, 7
1188, 5
1189, 15
1190, 22
1191, 9
1192, 4
1193, 8
1194, 7
1195, 8
1196, 28
1197, 3
1198, 17
1199, 24
1200, 3
1201, 8
1202, 14
1203, 3
1204, 192
1205, 4
1206, 8
1207, 35
1208, 16
1209, 79
1210, 9
1211, 35
1212, 4
1213, 10
1214, 5
1215, 8
1216, 3
1217, 4
1218, 4
1219, 29
1220, 10
1221, 20
1222, 10
1223, 34
1224, 17
1225, 4
1226, 30
1227, 164
1228, 28
1229, 10
1230, 97
1231, 28
1232, 99
1233, 120
1234, 79
1235, 20
1236, 51
1237, 29
1238, 118
1239, 146
1240, 25
1241, 72
1242, 193
1243, 64
1244, 68
1245, 25
1246, 50
1247, 46
1248, 282
1249, 239
1250, 76
1251, 8
1252, 13
1253, 12
1254, 19
1255, 22
1256, 396
1257, 51
1258, 9
1259, 13
1260, 4
1261, 3
1262, 4
1263, 3
1264, 3
1265, 22
1266, 83
1267, 59
1268, 6
1269, 77
1270, 11
1271, 3
1272, 3
1273, 3
1274, 3
1275, 3
1276, 4
1277, 4
1278, 4
1279, 3
1280, 6
1281, 3
1282, 3
1283, 13
1284, 20
1285, 16
1286, 3
1287, 6
1288, 9
1289, 5
1290, 3
1291, 5
1292, 3
1293, 3
1294, 4
1295, 3
1296, 4
1297, 3
1298, 3
1299, 3
1300, 3
1301, 5
1302, 3
1303, 3
1304, 3
1305, 4
1306, 24
1307, 3
1308, 6
1309, 365
1310, 151
1311, 11
1312, 21
1313, 205
1314, 139
1315, 6
1316, 11
1317, 13
1318, 60
1319, 90
1320, 3
1321, 263
1322, 172
1323, 52
1324, 127
1325, 96
1326, 320
1327, 11
1328, 179
1329, 149
1330, 3
1331, 148
1332, 158
1333, 96
1334, 180
1335, 13
1336, 28
1337, 157
1338, 36
1339, 8
1340, 3
1341, 3
1342, 4
1343, 5
1344, 5
1345, 13
1346, 5
1347, 5
1348, 11
1349, 13
1350, 5
1351, 3
1352, 3
1353, 4
1354, 4
1355, 39
1356, 9
1357, 36
1358, 28
1359, 7
1360, 23
1361, 9
1362, 14
1363, 6
1364, 4
1365, 3
1366, 8
1367, 31
1368, 6
1369, 4
1370, 4
1371, 5
1372, 4
1373, 3
1374, 3
1375, 3
1376, 3
1377, 4
1378, 3
1379, 5
1380, 6
1381, 3
1382, 4
1383, 3
1384, 3
1385, 3
1386, 3
1387, 3
1388, 7
1389, 3
1390, 3
1391, 3
1392, 3
1393, 62
1394, 3
1395, 4
1396, 4
1397, 4
1398, 3
1399, 7
1400, 9
1401, 7
1402, 5
1403, 4
1404, 5
1405, 5
1406, 9
1407, 4
1408, 4
1409, 6
1410, 10
1411, 4
1412, 3
1413, 7
1414, 10
1415, 8
1416, 7
1417, 3
1418, 8
1419, 3
1420, 3
1421, 3
1422, 3
1423, 3
1424, 20
1425, 21
1426, 3
1427, 5
1428, 11
1429, 5
1430, 8
1431, 8
1432, 4
1433, 5
1434, 11
1435, 4
1436, 6
1437, 3
1438, 5
1439, 9
1440, 7
1441, 55
1442, 37
1443, 79
1444, 188
1445, 58
1446, 24
1447, 24
1448, 67
1449, 33
1450, 14
1451, 11
1452, 25
1453, 16
1454, 50
1455, 8
1456, 3
1457, 4
1458, 14
1459, 118
1460, 44
1461, 22
1462, 81
1463, 46
1464, 36
1465, 63
1466, 24
1467, 5
1468, 6
1469, 159
1470, 2
1471, 18
1472, 15
1473, 55
1474, 35
1475, 22
1476, 19
1477, 16
1478, 176
1479, 166
1480, 225
1481, 230
1482, 114
1483, 32
1484, 40
1485, 19
1486, 29
1487, 22
1488, 24
1489, 21
1490, 35
1491, 9
1492, 148
1493, 204
1494, 60
1495, 21
1496, 7
1497, 31
1498, 21
1499, 17
1500, 11
1501, 53
1502, 63
1503, 156
1504, 105
1505, 83
1506, 284
1507, 252
1508, 263
1509, 3
1510, 167
1511, 79
1512, 111
1513, 234
1514, 362
1515, 236
1516, 358
1517, 197
1518, 235
1519, 312
1520, 290
1521, 372
1522, 278
1523, 271
1524, 258
1525, 296
1526, 338
1527, 51
1528, 12
1529, 426
1530, 332
1531, 305
1532, 387
1533, 320
1534, 90
1535, 9
1536, 337
1537, 2
1538, 336
1539, 336
1540, 264
1541, 328
1542, 296
1543, 260
1544, 7
1545, 24
1546, 81
1547, 21
1548, 275
1549, 203
1550, 204
1551, 341
1552, 308
1553, 282
1554, 52
1555, 63
1556, 156
1557, 102
1558, 84
1559, 218
1560, 127
1561, 284
1562, 155
1563, 263
1564, 3
1565, 167
1566, 79
1567, 53
1568, 88
1569, 97
1570, 312
1571, 356
1572, 396
1573, 327
1574, 351
1575, 355
1576, 323
1577, 453
1578, 486
1579, 4
1580, 48
1581, 32
1582, 199
1583, 9
1584, 17
1585, 149
1586, 32
1587, 28
1588, 102
1589, 21
1590, 105
1591, 10
1592, 23
1593, 99
1594, 205
1595, 139
1596, 127
1597, 13
1598, 186
1599, 103
1600, 13
1601, 18
1602, 29
1603, 30
1604, 101
1605, 6
1606, 17
1607, 3
1608, 12
1609, 195
1610, 346
1611, 75
1612, 56
1613, 85
1614, 17
1615, 181
1616, 6
1617, 231
1618, 9
1619, 234
1620, 4
1621, 17
1622, 324
1623, 49
1624, 19
1625, 39
1626, 10
1627, 8
1628, 6
1629, 18
1630, 4
1631, 3
1632, 4
1633, 4
1634, 72
1635, 12
1636, 12
1637, 18
1638, 9
1639, 4
1640, 8
1641, 128
1642, 3
1643, 3
1644, 5
1645, 3
1646, 4
1647, 3
1648, 20
1649, 232
1650, 32
1651, 39
1652, 295
1653, 310
1654, 367
1655, 367
1656, 202
1657, 19
1658, 30
1659, 208
1660, 29
1661, 70
1662, 39
1663, 316
1664, 69
1665, 36
1666, 250
1667, 65
1668, 90
1669, 7
1670, 65
1671, 21
1672, 13
1673, 5
1674, 3
1675, 94
1676, 3
1677, 14
1678, 5
1679, 30
1680, 54
1681, 118
1682, 30
1683, 21
1684, 7
1685, 34
1686, 6
1687, 8
1688, 12
1689, 50
1690, 220
1691, 7
1692, 62
1693, 6
1694, 3
1695, 235
1696, 4
1697, 12
1698, 10
1699, 4
1700, 4
1701, 9
1702, 3
1703, 3
1704, 4
1705, 4
1706, 22
1707, 16
1708, 3
1709, 7
1710, 4
1711, 13
1712, 3
1713, 3
1714, 22
1715, 8
1716, 3
1717, 24
1718, 70
1719, 126
1720, 6
1721, 4
1722, 19
1723, 136
1724, 22
1725, 19
1726, 3
1727, 3
1728, 4
1729, 3
1730, 3
1731, 3
1732, 5
1733, 4
1734, 6
1735, 202
1736, 3
1737, 4
1738, 36
1739, 3
1740, 4
1741, 4
1742, 5
1743, 5
1744, 4
1745, 4
1746, 3
1747, 3
1748, 20
1749, 27
1750, 12
1751, 59
1752, 237
1753, 29
1754, 288
1755, 23
1756, 21
1757, 40
1758, 45
1759, 11
1760, 33
1761, 135
1762, 40
1763, 24
1764, 238
1765, 97
1766, 75
1767, 92
1768, 77
1769, 176
1770, 137
1771, 242
1772, 90
1773, 97
1774, 97
1775, 295
1776, 282
1777, 62
1778, 13
1779, 65
1780, 65
1781, 12
1782, 34
1783, 3
1784, 3
1785, 6
1786, 55
1787, 77
1788, 9
1789, 19
1790, 7
1791, 61
1792, 319
1793, 309
1794, 46
1795, 271
1796, 383
1797, 80
1798, 304
1799, 77
1800, 237
1801, 206
1802, 251
1803, 40
1804, 61
1805, 10
1806, 89
1807, 154
1808, 132
1809, 250
1810, 192
1811, 18
1812, 13
1813, 26
1814, 144
1815, 260
1816, 205
1817, 237
1818, 317
1819, 321
1820, 346
1821, 357
1822, 274
1823, 262
1824, 162
1825, 247
1826, 245
1827, 329
1828, 258
1829, 310
1830, 322
1831, 325
1832, 285
1833, 304
1834, 333
1835, 311
1836, 367
1837, 367
1838, 350
1839, 371
1840, 348
1841, 287
1842, 305
1843, 328
1844, 330
1845, 365
1846, 310
1847, 264
1848, 270
1849, 274
1850, 292
1851, 291
1852, 276
1853, 284
1854, 283
1855, 314
1856, 258
1857, 317
1858, 249
1859, 351
1860, 293
1861, 266
1862, 276
1863, 195
1864, 217
1865, 288
1866, 332
1867, 233
1868, 351
1869, 360
1870, 307
1871, 250
1872, 315
1873, 234
1874, 231
1875, 260
1876, 276
1877, 332
1878, 350
1879, 363
1880, 343
1881, 259
1882, 243
1883, 269
1884, 316
1885, 288
1886, 240
1887, 260
1888, 332
1889, 121
1890, 331
1891, 253
1892, 297
1893, 287
1894, 407
1895, 274
1896, 346
1897, 275
1898, 258
1899, 337
1900, 268
1901, 297
1902, 272
1903, 198
1904, 190
1905, 361
1906, 370
1907, 319
1908, 309
1909, 326
1910, 299
1911, 385
1912, 335
1913, 414
1914, 301
1915, 269
1916, 357
1917, 272
1918, 304
1919, 312
1920, 348
1921, 384
1922, 382
1923, 151
1924, 329
1925, 328
1926, 317
1927, 391
1928, 410
1929, 289
1930, 334
1931, 302
1932, 274
1933, 53
1934, 53
1935, 2
1936, 2
1937, 2
1938, 15
1939, 2
1940, 6
1941, 2
1942, 7
1943, 25
1944, 13
1945, 2
1946, 6
1947, 2
1948, 12
1949, 5
1950, 2
1951, 5
1952, 6
1953, 8
1954, 27
1955, 2
1956, 11
1957, 6
1958, 2
1959, 12
1960, 4
1961, 2
1962, 6
1963, 10
1964, 4
1965, 2
1966, 4
1967, 2
1968, 8
1969, 16
1970, 7
1971, 6
1972, 5
1973, 3
1974, 6
1975, 4
1976, 7
1977, 10
1978, 3
1979, 7
1980, 6
1981, 9
1982, 7
1983, 3
1984, 4
1985, 15
1986, 3
1987, 3
1988, 3
1989, 2
1990, 14
1991, 9
1992, 11
1993, 8
1994, 5
1995, 19
1996, 2
1997, 6
1998, 7
1999, 24
2000, 12
2001, 2
2002, 25
2003, 2
2004, 2
2005, 11
2006, 2
2007, 3
2008, 12
2009, 9
2010, 5
2011, 12
2012, 10
2013, 7
2014, 32
2015, 2
2016, 24
2017, 7
2018, 3
2019, 9
2020, 3
2021, 7
2022, 2
2023, 2
2024, 2
2025, 2
2026, 2
2027, 5
2028, 4
2029, 2
2030, 27
2031, 7
2032, 18
2033, 3
2034, 5
2035, 10
2036, 16
2037, 6
2038, 4
2039, 6
2040, 12
2041, 13
2042, 7
2043, 6
2044, 8
2045, 10
2046, 32
2047, 5
2048, 2
2049, 3
2050, 13
2051, 4
2052, 8
2053, 11
2054, 2
2055, 3
2056, 7
2057, 4
2058, 6
2059, 3
2060, 15
2061, 7
2062, 2
2063, 14
2064, 3
2065, 10
2066, 3
2067, 10
2068, 4
2069, 3
2070, 3
2071, 30
2072, 11
2073, 3
2074, 7
2075, 2
2076, 11
2077, 3
2078, 2
2079, 4
2080, 3
2081, 8
2082, 4
2083, 7
2084, 4
2085, 12
2086, 5
2087, 3
2088, 18
2089, 3
2090, 5
2091, 3
2092, 12
2093, 8
2094, 2
2095, 7
2096, 3
2097, 8
2098, 12
2099, 4
2100, 3
2101, 13
2102, 2
2103, 9
2104, 6
2105, 3
2106, 2
2107, 8
2108, 26
2109, 5
2110, 7
2111, 6
2112, 2
2113, 2
2114, 14
2115, 3
2116, 9
2117, 14
2118, 8
2119, 9
2120, 2
2121, 16
2122, 5
2123, 4
2124, 9
2125, 14
2126, 7
2127, 27
2128, 2
2129, 10
2130, 9
2131, 14
2132, 3
2133, 20
2134, 4
2135, 12
2136, 9
2137, 2
2138, 15
2139, 11
2140, 20
2141, 2
2142, 7
2143, 13
2144, 11
2145, 15
2146, 8
2147, 5
2148, 9
2149, 2
2150, 5
2151, 6
2152, 3
2153, 8
2154, 3
2155, 2
2156, 2
2157, 2
2158, 7
2159, 3
2160, 2
2161, 3
2162, 2
2163, 4
2164, 4
2165, 4
2166, 2
2167, 22
2168, 2
2169, 17
2170, 6
2171, 6
2172, 6
2173, 4
2174, 14
2175, 5
2176, 4
2177, 6
2178, 7
2179, 10
2180, 2
2181, 12
2182, 8
2183, 11
2184, 2
2185, 21
2186, 25
2187, 2
2188, 13
2189, 8
2190, 6
2191, 11
2192, 6
2193, 8
2194, 4
2195, 17
2196, 2
2197, 12
2198, 8
2199, 16
2200, 20
2201, 11
2202, 13
2203, 8
2204, 55
2205, 2
2206, 8
2207, 7
2208, 16
2209, 2
2210, 30
2211, 5
2212, 3
2213, 7
2214, 7
2215, 4
2216, 5
2217, 7
2218, 6
2219, 2
2220, 5
2221, 7
2222, 9
2223, 5
2224, 2
2225, 11
2226, 17
2227, 4
2228, 9
2229, 3
2230, 3
2231, 4
2232, 11
2233, 18
2234, 3
2235, 11
2236, 4
2237, 6
2238, 14
2239, 20
2240, 4
2241, 6
2242, 42
2243, 5
2244, 2
2245, 4
2246, 6
2247, 4
2248, 5
2249, 11
2250, 2
2251, 3
2252, 8
2253, 5
2254, 3
2255, 8
2256, 2
2257, 4
2258, 3
2259, 7
2260, 10
2261, 6
2262, 8
2263, 2
2264, 2
2265, 2
2266, 2
2267, 2
2268, 2
2269, 5
2270, 5
2271, 2
2272, 10
2273, 2
2274, 3
2275, 4
2276, 5
2277, 2
2278, 5
2279, 3
2280, 3
2281, 11
2282, 4
2283, 2
2284, 2
2285, 7
2286, 3
2287, 3
2288, 4
2289, 2
2290, 6
2291, 21
2292, 7
2293, 6
2294, 8
2295, 14
2296, 3
2297, 4
2298, 10
2299, 2
2300, 2
2301, 30
2302, 2
2303, 2
2304, 2
2305, 5
2306, 2
2307, 4
2308, 10
2309, 4
2310, 9
2311, 18
2312, 7
2313, 10
2314, 6
2315, 9
2316, 16
2317, 10
2318, 8
2319, 21
2320, 2
2321, 12
2322, 5
2323, 16
2324, 27
2325, 15
2326, 9
2327, 4
2328, 8
2329, 5
2330, 8
2331, 2
2332, 3
2333, 11
2334, 3
2335, 3
2336, 27
2337, 23
2338, 7
2339, 7
2340, 7
2341, 4
2342, 10
2343, 10
2344, 2
2345, 6
2346, 10
2347, 7
2348, 10
2349, 18
2350, 32
2351, 2
2352, 7
2353, 7
2354, 4
2355, 10
2356, 73
2357, 2
2358, 3
2359, 9
2360, 3
2361, 7
2362, 5
2363, 10
2364, 2
2365, 3
2366, 4
2367, 2
2368, 11
2369, 16
2370, 3
2371, 7
2372, 26
2373, 6
2374, 10
2375, 13
2376, 2
2377, 20
2378, 5
2379, 3
2380, 15
2381, 20
2382, 7
2383, 5
2384, 5
2385, 4
2386, 10
2387, 11
2388, 6
2389, 55
2390, 2
2391, 14
2392, 5
2393, 5
2394, 7
2395, 5
2396, 7
2397, 2
2398, 16
2399, 6
2400, 7
2401, 5
2402, 12
2403, 9
2404, 5
2405, 6
2406, 3
2407, 3
2408, 60
2409, 10
2410, 14
2411, 17
2412, 16
2413, 6
2414, 6
2415, 6
2416, 8
2417, 5
2418, 3
2419, 5
2420, 4
2421, 16
2422, 5
2423, 2
2424, 6
2425, 3
2426, 6
2427, 12
2428, 2
2429, 58
2430, 5
2431, 15
2432, 7
2433, 7
2434, 21
2435, 143
2436, 10
2437, 4
2438, 3
2439, 3
2440, 3
2441, 167
2442, 11
2443, 5
2444, 69
2445, 4
2446, 22
2447, 2
2448, 13
2449, 20
2450, 10
2451, 2
2452, 23
2453, 2
2454, 3
2455, 3
2456, 2
2457, 3
2458, 11
2459, 11
2460, 7
2461, 6
2462, 3
2463, 2
2464, 3
2465, 4
2466, 7
2467, 5
2468, 2
2469, 3
2470, 12
2471, 2
2472, 6
2473, 9
2474, 8
2475, 4
2476, 2
2477, 2
2478, 2
2479, 3
2480, 2
2481, 2
2482, 2
2483, 2
2484, 22
2485, 17
2486, 4
2487, 3
2488, 6
2489, 2
2490, 20
2491, 6
2492, 24
2493, 7
2494, 2
2495, 9
2496, 3
2497, 3
2498, 3
2499, 3
2500, 2
2501, 2
2502, 12
2503, 3
2504, 2
2505, 12
2506, 60
2507, 2
2508, 2
2509, 16
2510, 6
2511, 4
2512, 44
2513, 40
2514, 8
2515, 22
2516, 4
2517, 2
2518, 2
2519, 16
2520, 2
2521, 2
2522, 3
2523, 13
2524, 3
2525, 2
2526, 6
2527, 4
2528, 2
2529, 15
2530, 2
2531, 7
2532, 11
2533, 9
2534, 12
2535, 3
2536, 11
2537, 19
2538, 3
2539, 12
2540, 22
2541, 10
2542, 2
2543, 15
2544, 2
2545, 5
2546, 13
2547, 5
2548, 9
2549, 12
2550, 3
2551, 9
2552, 9
2553, 4
2554, 2
2555, 4
2556, 4
2557, 6
2558, 9
2559, 2
2560, 2
2561, 6
2562, 25
2563, 11
2564, 7
2565, 2
2566, 27
2567, 9
2568, 13
2569, 10
2570, 2
2571, 10
2572, 7
2573, 13
2574, 9
2575, 6
2576, 6
2577, 7
2578, 6
2579, 9
2580, 4
2581, 6
2582, 4
2583, 6
2584, 7
2585, 7
2586, 6
2587, 2
2588, 4
2589, 3
2590, 5
2591, 13
2592, 7
2593, 2
2594, 2
2595, 3
2596, 7
2597, 13
2598, 8
2599, 8
2600, 12
2601, 2
2602, 12
2603, 9
2604, 16
2605, 7
2606, 23
2607, 8
2608, 10
2609, 3
2610, 8
2611, 3
2612, 6
2613, 5
2614, 10
2615, 7
2616, 10
2617, 5
2618, 2
2619, 27
2620, 2
2621, 9
2622, 10
2623, 3
2624, 15
2625, 2
2626, 10
2627, 2
2628, 3
2629, 4
2630, 11
2631, 3
2632, 14
2633, 3
2634, 8
2635, 2
2636, 2
2637, 8
2638, 7
2639, 5
2640, 5
2641, 11
2642, 6
2643, 2
2644, 8
2645, 2
2646, 2
2647, 2
2648, 2
2649, 17
2650, 2
2651, 14
2652, 2
2653, 2
2654, 5
2655, 12
2656, 3
2657, 2
2658, 6
2659, 19
2660, 2
2661, 2
2662, 2
2663, 2
2664, 2
2665, 11
2666, 4
2667, 6
2668, 4
2669, 13
2670, 6
2671, 3
2672, 13
2673, 7
2674, 3
2675, 6
2676, 9
2677, 6
2678, 2
2679, 2
2680, 10
2681, 3
2682, 2
2683, 2
2684, 2
2685, 2
2686, 15
2687, 2
2688, 2
2689, 2
2690, 2
2691, 3
2692, 6
2693, 3
2694, 2
2695, 5
2696, 2
2697, 2
2698, 3
2699, 7
2700, 8
2701, 14
2702, 2
2703, 8
2704, 10
2705, 17
2706, 3
2707, 7
2708, 8
2709, 8
2710, 12
2711, 2
2712, 8
2713, 4
2714, 2
2715, 2
2716, 2
2717, 6
2718, 6
2719, 4
2720, 5
2721, 3
2722, 6
2723, 10
2724, 12
2725, 5
2726, 2
2727, 2
2728, 4
2729, 10
2730, 6
2731, 5
2732, 4
2733, 4
2734, 7
2735, 3
2736, 5
2737, 5
2738, 4
2739, 7
2740, 17
2741, 3
2742, 9
2743, 4
2744, 2
2745, 4
2746, 5
2747, 3
2748, 3
2749, 5
2750, 3
2751, 6
2752, 9
2753, 5
2754, 4
2755, 8
2756, 5
2757, 3
2758, 2
2759, 3
2760, 10
2761, 6
2762, 9
2763, 8
2764, 21
2765, 4
2766, 4
2767, 3
2768, 5
2769, 16
2770, 2
2771, 5
2772, 7
2773, 2
2774, 6
2775, 8
2776, 2
2777, 28
2778, 2
2779, 5
2780, 2
2781, 12
2782, 2
2783, 3
2784, 3
2785, 6
2786, 2
2787, 8
2788, 2
2789, 10
2790, 2
2791, 4
2792, 2
2793, 13
2794, 2
2795, 2
2796, 2
2797, 6
2798, 2
2799, 2
2800, 4
2801, 2
2802, 3
2803, 2
2804, 11
2805, 2
2806, 3
2807, 3
2808, 3
2809, 15
2810, 13
2811, 3
2812, 9
2813, 6
2814, 16
2815, 7
2816, 5
2817, 2
2818, 10
2819, 2
2820, 3
2821, 7
2822, 3
2823, 2
2824, 4
2825, 4
2826, 2
2827, 4
2828, 6
2829, 3
2830, 6
2831, 13
2832, 9
2833, 3
2834, 3
2835, 2
2836, 7
2837, 2
2838, 20
2839, 4
2840, 7
2841, 5
2842, 2
2843, 2
2844, 5
2845, 16
2846, 3
2847, 7
2848, 2
2849, 12
2850, 6
2851, 6
2852, 8
2853, 8
2854, 65
2855, 23
2856, 20
2857, 20
2858, 2
2859, 18
2860, 2
2861, 2
2862, 4
2863, 3
2864, 4
2865, 3
2866, 26
2867, 8
2868, 7
2869, 15
2870, 8
2871, 13
2872, 26
2873, 4
2874, 6
2875, 7
2876, 15
2877, 12
2878, 2
2879, 9
2880, 12
2881, 2
2882, 7
2883, 5
2884, 5
2885, 6
2886, 13
2887, 13
2888, 8
2889, 7
2890, 2
2891, 5
2892, 5
2893, 6
2894, 8
2895, 16
2896, 11
2897, 18
2898, 6
2899, 8
2900, 20
2901, 6
2902, 10
2903, 2
2904, 12
2905, 7
2906, 2
2907, 10
2908, 5
2909, 3
2910, 15
2911, 7
2912, 6
2913, 2
2914, 16
2915, 6
2916, 3
2917, 3
2918, 5
2919, 5
2920, 5
2921, 5
2922, 5
2923, 3
2924, 2
2925, 3
2926, 15
2927, 7
2928, 4
2929, 2
2930, 4
2931, 7
2932, 2
2933, 3
2934, 3
2935, 6
2936, 13
2937, 7
2938, 3
2939, 3
2940, 2
2941, 4
2942, 6
2943, 5
2944, 2
2945, 11
2946, 3
2947, 4
2948, 10
2949, 13
2950, 10
2951, 15
2952, 4
2953, 32
2954, 10
2955, 7
2956, 5
2957, 5
2958, 8
2959, 2
2960, 5
2961, 7
2962, 14
2963, 2
2964, 8
2965, 7
2966, 6
2967, 3
2968, 11
2969, 2
2970, 14
2971, 2
2972, 20
2973, 5
2974, 11
2975, 2
2976, 8
2977, 10
2978, 3
2979, 3
2980, 2
2981, 11
2982, 3
2983, 2
2984, 2
2985, 3
2986, 12
2987, 5
2988, 3
2989, 7
2990, 3
2991, 14
2992, 10
2993, 2
2994, 10
2995, 17
2996, 2
2997, 3
2998, 17
2999, 2
3000, 2
3001, 3
3002, 3
3003, 2
3004, 6
3005, 3
3006, 4
3007, 4
3008, 16
3009, 3
3010, 6
3011, 4
3012, 13
3013, 32
3014, 2
3015, 5
3016, 3
3017, 2
3018, 6
3019, 18
3020, 8
3021, 5
3022, 7
3023, 4
3024, 2
3025, 10
3026, 5
3027, 9
3028, 6
3029, 5
3030, 2
3031, 6
3032, 11
3033, 2
3034, 4
3035, 2
3036, 3
3037, 3
3038, 5
3039, 12
3040, 4
3041, 2
3042, 5
3043, 2
3044, 12
3045, 2
3046, 5
3047, 3
3048, 2
3049, 24
3050, 15
3051, 5
3052, 5
3053, 2
3054, 7
3055, 3
3056, 4
3057, 7
3058, 37
3059, 6
3060, 11
3061, 2
3062, 6
3063, 2
3064, 4
3065, 4
3066, 7
3067, 6
3068, 2
3069, 3
3070, 6
3071, 44
3072, 3
3073, 2
3074, 9
3075, 2
3076, 3
3077, 2
3078, 4
3079, 16
3080, 6
3081, 3
3082, 3
3083, 17
3084, 4
3085, 8
3086, 20
3087, 11
3088, 6
3089, 3
3090, 2
3091, 6
3092, 12
3093, 27
3094, 5
3095, 5
3096, 3
3097, 5
3098, 5
3099, 7
3100, 3
3101, 28
3102, 13
3103, 3
3104, 5
3105, 2
3106, 3
3107, 2
3108, 3
3109, 4
3110, 2
3111, 8
3112, 3
3113, 3
3114, 5
3115, 3
3116, 16
3117, 4
3118, 3
3119, 3
3120, 2
3121, 4
3122, 4
3123, 6
3124, 4
3125, 4
3126, 2
3127, 2
3128, 8
3129, 2
3130, 4
3131, 4
3132, 7
3133, 9
3134, 22
3135, 2
3136, 2
3137, 9
3138, 5
3139, 13
3140, 3
3141, 4
3142, 5
3143, 5
3144, 3
3145, 8
3146, 5
3147, 2
3148, 5
3149, 11
3150, 6
3151, 7
3152, 14
3153, 8
3154, 3
3155, 9
3156, 3
3157, 10
3158, 2
3159, 3
3160, 11
3161, 2
3162, 4
3163, 34
3164, 7
3165, 2
3166, 9
3167, 2
3168, 3
3169, 5
3170, 2
3171, 19
3172, 11
3173, 3
3174, 2
3175, 8
3176, 2
3177, 9
3178, 2
3179, 4
3180, 10
3181, 10
3182, 17
3183, 25
3184, 24
3185, 26
3186, 5
3187, 12
3188, 2
3189, 7
3190, 8
3191, 22
3192, 6
3193, 7
3194, 2
3195, 9
3196, 3
3197, 2
3198, 7
3199, 3
3200, 8
3201, 6
3202, 3
3203, 3
3204, 6
3205, 6
3206, 6
3207, 7
3208, 2
3209, 2
3210, 2
3211, 2
3212, 6
3213, 16
3214, 9
3215, 2
3216, 8
3217, 3
3218, 15
3219, 5
3220, 5
3221, 7
3222, 6
3223, 5
3224, 18
3225, 3
3226, 7
3227, 6
3228, 6
3229, 13
3230, 6
3231, 4
3232, 15
3233, 16
3234, 11
3235, 2
3236, 8
3237, 6
3238, 2
3239, 2
3240, 6
3241, 8
3242, 3
3243, 3
3244, 3
3245, 9
3246, 8
3247, 12
3248, 10
3249, 12
3250, 2
3251, 2
3252, 13
3253, 3
3254, 14
3255, 6
3256, 3
3257, 12
3258, 25
3259, 9
3260, 54
3261, 2
3262, 7
3263, 5
3264, 3
3265, 7
3266, 3
3267, 2
3268, 7
3269, 2
3270, 2
3271, 9
3272, 7
3273, 4
3274, 7
3275, 9
3276, 12
3277, 2
3278, 30
3279, 8
3280, 3
3281, 9
3282, 14
3283, 5
3284, 6
3285, 13
3286, 7
3287, 20
3288, 19
3289, 9
3290, 2
3291, 23
3292, 10
3293, 10
3294, 3
3295, 11
3296, 7
3297, 11
3298, 3
3299, 5
3300, 20
3301, 10
3302, 2
3303, 6
3304, 10
3305, 9
3306, 9
3307, 5
3308, 2
3309, 7
3310, 22
3311, 4
3312, 5
3313, 6
3314, 10
3315, 6
3316, 9
3317, 3
3318, 2
3319, 25
3320, 5
3321, 4
3322, 2
3323, 6
3324, 6
3325, 3
3326, 10
3327, 5
3328, 3
3329, 8
3330, 13
3331, 4
3332, 2
3333, 22
3334, 21
3335, 2
3336, 12
3337, 2
3338, 3
3339, 3
3340, 5
3341, 7
3342, 34
3343, 2
3344, 25
3345, 5
3346, 26
3347, 3
3348, 6
3349, 3
3350, 4
3351, 3
3352, 2
3353, 2
3354, 7
3355, 3
3356, 4
3357, 2
3358, 7
3359, 2
3360, 2
3361, 3
3362, 2
3363, 3
3364, 3
3365, 2
3366, 3
3367, 4
3368, 2
3369, 2
3370, 3
3371, 2
3372, 3
3373, 3
3374, 5
3375, 5
3376, 4
3377, 3
3378, 2
3379, 19
3380, 5
3381, 32
3382, 2
3383, 21
3384, 8
3385, 3
3386, 16
3387, 8
3388, 2
3389, 3
3390, 2
3391, 9
3392, 3
3393, 2
3394, 27
3395, 3
3396, 9
3397, 4
3398, 2
3399, 5
3400, 8
3401, 6
3402, 22
3403, 7
3404, 7
3405, 5
3406, 8
3407, 2
3408, 8
3409, 2
3410, 2
3411, 7
3412, 23
3413, 6
3414, 2
3415, 5
3416, 14
3417, 27
3418, 2
3419, 2
3420, 2
3421, 10
3422, 18
3423, 2
3424, 2
3425, 3
3426, 3
3427, 11
3428, 7
3429, 18
3430, 2
3431, 39
3432, 2
3433, 7
3434, 5
3435, 2
3436, 5
3437, 10
3438, 6
3439, 11
3440, 10
3441, 2
3442, 3
3443, 5
3444, 2
3445, 16
3446, 9
3447, 31
3448, 9
3449, 3
3450, 3
3451, 15
3452, 2
3453, 15
3454, 3
3455, 18
3456, 16
3457, 14
3458, 8
3459, 2
3460, 3
3461, 3
3462, 5
3463, 4
3464, 3
3465, 3
3466, 4
3467, 2
3468, 8
3469, 8
3470, 4
3471, 6
3472, 5
3473, 19
3474, 3
3475, 7
3476, 8
3477, 2
3478, 12
3479, 7
3480, 5
3481, 2
3482, 3
3483, 9
3484, 2
3485, 6
3486, 3
3487, 9
3488, 6
3489, 7
3490, 2
3491, 2
3492, 3
3493, 5
3494, 6
3495, 42
3496, 3
3497, 5
3498, 8
3499, 8
3500, 14
3501, 4
3502, 26
3503, 7
3504, 3
3505, 5
3506, 14
3507, 12
3508, 18
3509, 4
3510, 2
3511, 8
3512, 3
3513, 7
3514, 8
3515, 3
3516, 8
3517, 2
3518, 5
3519, 6
3520, 16
3521, 8
3522, 16
3523, 2
3524, 4
3525, 2
3526, 4
3527, 8
3528, 6
3529, 7
3530, 4
3531, 4
3532, 15
3533, 2
3534, 3
3535, 6
3536, 8
3537, 6
3538, 2
3539, 13
3540, 3
3541, 2
3542, 2
3543, 3
3544, 2
3545, 2
3546, 2
3547, 2
3548, 2
3549, 18
3550, 4
3551, 11
3552, 3
3553, 4
3554, 7
3555, 18
3556, 10
3557, 8
3558, 20
3559, 3
3560, 13
3561, 3
3562, 2
3563, 2
3564, 10
3565, 3
3566, 2
3567, 5
3568, 12
3569, 11
3570, 4
3571, 3
3572, 9
3573, 8
3574, 9
3575, 2
3576, 8
3577, 11
3578, 7
3579, 19
3580, 10
3581, 9
3582, 2
3583, 10
3584, 5
3585, 8
3586, 11
3587, 14
3588, 2
3589, 9
3590, 3
3591, 12
3592, 4
3593, 13
3594, 5
3595, 3
3596, 10
3597, 4
3598, 2
3599, 6
3600, 3
3601, 2
3602, 4
3603, 4
3604, 6
3605, 4
3606, 9
3607, 2
3608, 2
3609, 9
3610, 3
3611, 4
3612, 4
3613, 4
3614, 8
3615, 7
3616, 4
3617, 4
3618, 2
3619, 8
3620, 6
3621, 8
3622, 8
3623, 7
3624, 4
3625, 5
3626, 2
3627, 11
3628, 2
3629, 5
3630, 5
3631, 8
3632, 6
3633, 2
3634, 11
3635, 5
3636, 2
3637, 2
3638, 12
3639, 2
3640, 4
3641, 5
3642, 14
3643, 14
3644, 2
3645, 9
3646, 2
3647, 6
3648, 5
3649, 3
3650, 8
3651, 8
3652, 2
3653, 5
3654, 2
3655, 3
3656, 3
3657, 4
3658, 8
3659, 2
3660, 6
3661, 2
3662, 10
3663, 4
3664, 11
3665, 7
3666, 5
3667, 11
3668, 14
3669, 9
3670, 2
3671, 13
3672, 2
3673, 3
3674, 3
3675, 5
3676, 9
3677, 16
3678, 37
3679, 15
3680, 7
3681, 2
3682, 3
3683, 5
3684, 11
3685, 6
3686, 5
3687, 17
3688, 7
3689, 11
3690, 2
3691, 9
3692, 2
3693, 6
3694, 7
3695, 4
3696, 2
3697, 2
3698, 429
3699, 46
3700, 46
3701, 32
3702, 132
3703, 17
3704, 24
3705, 350
3706, 279
3707, 368
3708, 377
3709, 392
3710, 316
3711, 349
3712, 370
3713, 341
3714, 312
3715, 420
3716, 309
3717, 329
3718, 302
3719, 277
3720, 333
3721, 353
3722, 342
3723, 392
3724, 391
3725, 140
3726, 38
3727, 281
3728, 143
3729, 187
3730, 2
3731, 160
3732, 3
3733, 4
3734, 4
3735, 4
3736, 5
3737, 8
3738, 2
3739, 3
3740, 2
3741, 7
3742, 3
3743, 9
3744, 5
3745, 36
3746, 4
3747, 3
3748, 4
3749, 43
3750, 3
3751, 10
3752, 10
3753, 7
3754, 10
3755, 2
3756, 2
3757, 14
3758, 2
3759, 2
3760, 9
3761, 63
3762, 4
3763, 9
3764, 5
3765, 3
3766, 8
3767, 58
3768, 135
3769, 4
3770, 6
3771, 3
3772, 3
3773, 2
3774, 2
3775, 2
3776, 2
3777, 2
3778, 4
3779, 6
3780, 7
3781, 2
3782, 4
3783, 2
3784, 3
3785, 2
3786, 2
3787, 2
3788, 4
3789, 2
3790, 4
3791, 2
3792, 3
3793, 2
3794, 7
3795, 3
3796, 3
3797, 4
3798, 2
3799, 2
3800, 2
3801, 3
3802, 4
3803, 21
3804, 2
3805, 44
3806, 29
3807, 5
3808, 29
3809, 31
3810, 5
3811, 35
3812, 126
3813, 2
3814, 10
3815, 2
3816, 90
3817, 18
3818, 10
3819, 2
3820, 4
3821, 2
3822, 65
3823, 18
3824, 73
3825, 4
3826, 25
3827, 53
3828, 83
3829, 16
3830, 30
3831, 43
3832, 19
3833, 212
3834, 66
3835, 12
3836, 10
3837, 22
3838, 70
3839, 70
3840, 700
3841, 20
3842, 126
3843, 23
3844, 4
3845, 25
3846, 8
3847, 23
3848, 8
3849, 3
3850, 5
3851, 2
3852, 3
3853, 4
3854, 6
3855, 152
3856, 20
3857, 92
3858, 8
3859, 11
3860, 18
3861, 20
3862, 45
3863, 8
3864, 11
3865, 7
3866, 5
3867, 7
3868, 5
3869, 5
3870, 10
3871, 201
3872, 49
3873, 169
3874, 2
3875, 8
3876, 7
3877, 3
3878, 3
3879, 6
3880, 8
3881, 6
3882, 3
3883, 3
3884, 3
3885, 3
3886, 5
3887, 3
3888, 3
3889, 3
3890, 6
3891, 12
3892, 5
3893, 4
3894, 2
3895, 2
3896, 5
3897, 2
3898, 2
3899, 3
3900, 2
3901, 3
3902, 2
3903, 2
3904, 3
3905, 3
3906, 5
3907, 2
3908, 3
3909, 6
3910, 4
3911, 4
3912, 3
3913, 3
3914, 14
3915, 4
3916, 3
3917, 6
3918, 3
3919, 3
3920, 3
3921, 3
3922, 6
3923, 2
3924, 5
3925, 8
3926, 4
3927, 5
3928, 2
3929, 2
3930, 3
3931, 2
3932, 2
3933, 2
3934, 4
3935, 2
3936, 3
3937, 3
3938, 3
3939, 4
3940, 2
3941, 3
3942, 5
3943, 2
3944, 3
3945, 19
3946, 15
3947, 20
3948, 3
3949, 3
3950, 5
3951, 4
3952, 4
3953, 2
3954, 3
3955, 3
3956, 9
3957, 6
3958, 3
3959, 6
3960, 5
3961, 13
3962, 8
3963, 2
3964, 6
3965, 4
3966, 8
3967, 6
3968, 4
3969, 16
3970, 9
3971, 3
3972, 2
3973, 3
3974, 2
3975, 5
3976, 4
3977, 3
3978, 3
3979, 6
3980, 9
3981, 7
3982, 3
3983, 6
3984, 5
3985, 5
3986, 2
3987, 6
3988, 12
3989, 4
3990, 4
3991, 3
3992, 11
3993, 11
3994, 27
3995, 9
3996, 24
3997, 3
3998, 3
3999, 4
4000, 22
4001, 7
4002, 3
4003, 8
4004, 3
4005, 4
4006, 7
4007, 6
4008, 4
4009, 6
4010, 2
4011, 2
4012, 8
4013, 2
4014, 3
4015, 4
4016, 11
4017, 4
4018, 2
4019, 2
4020, 2
4021, 3
4022, 8
4023, 2
4024, 8
4025, 65
4026, 3
4027, 20
4028, 10
4029, 9
4030, 5
4031, 8
4032, 9
4033, 8
4034, 10
4035, 10
4036, 9
4037, 10
4038, 5
4039, 161
4040, 14
4041, 10
4042, 6
4043, 8
4044, 16
4045, 7
4046, 6
4047, 6
4048, 3
4049, 11
4050, 4
4051, 4
4052, 41
4053, 11
4054, 2
4055, 241
4056, 17
4057, 38
4058, 16
4059, 42
4060, 13
4061, 17
4062, 101
4063, 84
4064, 77
4065, 19
4066, 8
4067, 36
4068, 11
4069, 65
4070, 146
4071, 12
4072, 48
4073, 4
4074, 20
4075, 126
4076, 24
4077, 5
4078, 5
4079, 3
4080, 49
4081, 3
4082, 62
4083, 27
4084, 4
4085, 173
4086, 35
4087, 5
4088, 6
4089, 7
4090, 16
4091, 6
4092, 10
4093, 21
4094, 3
4095, 3
4096, 2
4097, 199
4098, 30
4099, 108
4100, 25
4101, 16
4102, 25
4103, 10
4104, 8
4105, 17
4106, 9
4107, 9
4108, 24
4109, 113
4110, 104
4111, 10
4112, 82
4113, 3
4114, 58
4115, 3
4116, 3
4117, 3
4118, 3
4119, 34
4120, 2
4121, 11
4122, 3
4123, 7
4124, 8
4125, 2
4126, 5
4127, 2
4128, 2
4129, 38
4130, 2
4131, 5
4132, 4
4133, 9
4134, 2
4135, 3
4136, 2
4137, 22
4138, 3
4139, 67
4140, 6
4141, 9
4142, 27
4143, 28
4144, 28
4145, 23
4146, 14
4147, 7
4148, 4
4149, 8
4150, 9
4151, 8
4152, 6
4153, 3
4154, 6
4155, 2
4156, 6
4157, 2
4158, 5
4159, 2
4160, 5
4161, 5
4162, 6
4163, 4
4164, 15
4165, 8
4166, 7
4167, 40
4168, 16
4169, 65
4170, 6
4171, 10
4172, 3
4173, 6
4174, 2
4175, 3
4176, 2
4177, 16
4178, 4
4179, 4
4180, 147
4181, 21
4182, 18
4183, 2
4184, 96
4185, 44
4186, 18
4187, 34
4188, 15
4189, 6
4190, 2
4191, 28
4192, 15
4193, 5
4194, 27
4195, 4
4196, 11
4197, 4
4198, 12
4199, 11
4200, 3
4201, 5
4202, 2
4203, 8
4204, 51
4205, 40
4206, 51
4207, 21
4208, 11
4209, 24
4210, 39
4211, 26
4212, 41
4213, 13
4214, 2
4215, 2
4216, 5
4217, 23
4218, 12
4219, 8
4220, 8
4221, 7
4222, 4
4223, 5
4224, 5
4225, 13
4226, 18
4227, 16
4228, 3
4229, 10
4230, 2
4231, 10
4232, 11
4233, 3
4234, 2
4235, 6
4236, 21
4237, 3
4238, 22
4239, 6
4240, 30
4241, 2
4242, 41
4243, 11
4244, 6
4245, 13
4246, 11
4247, 9
4248, 3
4249, 2
4250, 2
4251, 8
4252, 7
4253, 3
4254, 3
4255, 4
4256, 7
4257, 4
4258, 19
4259, 2
4260, 7
4261, 10
4262, 12
4263, 4
4264, 3
4265, 11
4266, 9
4267, 7
4268, 5
4269, 39
4270, 8
4271, 2
4272, 7
4273, 36
4274, 5
4275, 20
4276, 3
4277, 12
4278, 3
4279, 3
4280, 2
4281, 3
4282, 9
4283, 10
4284, 6
4285, 7
4286, 2
4287, 5
4288, 3
4289, 4
4290, 4
4291, 12
4292, 11
4293, 7
4294, 9
4295, 5
4296, 5
4297, 9
4298, 4
4299, 17
4300, 2
4301, 4
4302, 6
4303, 5
4304, 5
4305, 5
4306, 4
4307, 3
4308, 5
4309, 7
4310, 19
4311, 4
4312, 4
4313, 9
4314, 13
4315, 3
4316, 36
4317, 7
4318, 10
4319, 36
4320, 7
4321, 22
4322, 5
4323, 2
4324, 31
4325, 30
4326, 6
4327, 3
4328, 14
4329, 33
4330, 18
4331, 6
4332, 6
4333, 9
4334, 3
4335, 101
4336, 7
4337, 6
4338, 6
4339, 3
4340, 11
4341, 11
4342, 18
4343, 17
4344, 68
4345, 11
4346, 101
4347, 188
4348, 188
4349, 7
4350, 3
4351, 6
4352, 5
4353, 4
4354, 62
4355, 3
4356, 2
4357, 2
4358, 14
4359, 45
4360, 4
4361, 9
4362, 5
4363, 3
4364, 5
4365, 6
4366, 5
4367, 3
4368, 7
4369, 6
4370, 25
4371, 6
4372, 5
4373, 17
4374, 7
4375, 12
4376, 25
4377, 12
4378, 12
4379, 5
4380, 22
4381, 8
4382, 7
4383, 10
4384, 11
4385, 17
4386, 2
4387, 7
4388, 8
4389, 3
4390, 11
4391, 8
4392, 3
4393, 6
4394, 2
4395, 6
4396, 47
4397, 6
4398, 4
4399, 12
4400, 35
4401, 3
4402, 8
4403, 7
4404, 10
4405, 18
4406, 9
4407, 2
4408, 7
4409, 22
4410, 4
4411, 2
4412, 17
4413, 22
4414, 9
4415, 42
4416, 20
4417, 25
4418, 2
4419, 12
4420, 7
4421, 4
4422, 2
4423, 47
4424, 2
4425, 21
4426, 6
4427, 6
4428, 10
4429, 40
4430, 12
4431, 12
4432, 15
4433, 2
4434, 3
4435, 17
4436, 5
4437, 11
4438, 7
4439, 27
4440, 3
4441, 22
4442, 5
4443, 22
4444, 8
4445, 11
4446, 13
4447, 5
4448, 6
4449, 4
4450, 2
4451, 16
4452, 42
4453, 14
4454, 11
4455, 29
4456, 35
4457, 3
4458, 43
4459, 4
4460, 11
4461, 15
4462, 8
4463, 2
4464, 3
4465, 6
4466, 11
4467, 6
4468, 3
4469, 3
4470, 7
4471, 16
4472, 9
4473, 7
4474, 13
4475, 4
4476, 10
4477, 8
4478, 11
4479, 8
4480, 8
4481, 7
4482, 2
4483, 21
4484, 13
4485, 6
4486, 10
4487, 3
4488, 54
4489, 13
4490, 29
4491, 23
4492, 14
4493, 16
4494, 29
4495, 8
4496, 13
4497, 20
4498, 6
4499, 10
4500, 18
4501, 2
4502, 4
4503, 5
4504, 8
4505, 3
4506, 8
4507, 18
4508, 8
4509, 6
4510, 5
4511, 8
4512, 5
4513, 10
4514, 3
4515, 15
4516, 3
4517, 6
4518, 42
4519, 24
4520, 2
4521, 12
4522, 10
4523, 16
4524, 11
4525, 2
4526, 2
4527, 8
4528, 20
4529, 4
4530, 16
4531, 9
4532, 19
4533, 3
4534, 4
4535, 17
4536, 7
4537, 4
4538, 10
4539, 7
4540, 4
4541, 6
4542, 4
4543, 10
4544, 9
4545, 18
4546, 10
4547, 6
4548, 6
4549, 7
4550, 20
4551, 3
4552, 2
4553, 2
4554, 9
4555, 2
4556, 3
4557, 8
4558, 7
4559, 11
4560, 7
4561, 3
4562, 4
4563, 4
4564, 5
4565, 8
4566, 5
4567, 6
4568, 9
4569, 6
4570, 9
4571, 25
4572, 6
4573, 7
4574, 9
4575, 15
4576, 5
4577, 17
4578, 10
4579, 9
4580, 12
4581, 3
4582, 10
4583, 6
4584, 7
4585, 2
4586, 13
4587, 7
4588, 8
4589, 2
4590, 2
4591, 2
4592, 19
4593, 37
4594, 3
4595, 13
4596, 2
4597, 6
4598, 16
4599, 5
4600, 16
4601, 4
4602, 7
4603, 7
4604, 36
4605, 37
4606, 2
4607, 42
4608, 14
4609, 5
4610, 15
4611, 11
4612, 12
4613, 6
4614, 10
4615, 2
4616, 3
4617, 2
4618, 2
4619, 8
4620, 8
4621, 7
4622, 2
4623, 2
4624, 2
4625, 4
4626, 7
4627, 13
4628, 27
4629, 5
4630, 2
4631, 3
4632, 42
4633, 4
4634, 3
4635, 10
4636, 15
4637, 3
4638, 52
4639, 4
4640, 5
4641, 5
4642, 3
4643, 2
4644, 17
4645, 113
4646, 5
4647, 43
4648, 13
4649, 3
4650, 4
4651, 2
4652, 10
4653, 13
4654, 12
4655, 8
4656, 27
4657, 5
4658, 5
4659, 8
4660, 21
4661, 13
4662, 8
4663, 18
4664, 2
4665, 2
4666, 5
4667, 5
4668, 5
4669, 7
4670, 9
4671, 9
4672, 12
4673, 3
4674, 7
4675, 5
4676, 10
4677, 29
4678, 14
4679, 41
4680, 14
4681, 17
4682, 5
4683, 3
4684, 7
4685, 10
4686, 5
4687, 11
4688, 2
4689, 9
4690, 3
4691, 4
4692, 14
4693, 8
4694, 6
4695, 25
4696, 5
4697, 6
4698, 7
4699, 4
4700, 2
4701, 15
4702, 21
4703, 15
4704, 8
4705, 21
4706, 12
4707, 4
4708, 5
4709, 5
4710, 5
4711, 3
4712, 5
4713, 4
4714, 3
4715, 11
4716, 16
4717, 6
4718, 8
4719, 11
4720, 8
4721, 8
4722, 7
4723, 3
4724, 4
4725, 12
4726, 13
4727, 20
4728, 2
4729, 2
4730, 7
4731, 2
4732, 9
4733, 3
4734, 5
4735, 3
4736, 5
4737, 10
4738, 11
4739, 7
4740, 3
4741, 7
4742, 6
4743, 10
4744, 4
4745, 5
4746, 10
4747, 6
4748, 32
4749, 3
4750, 3
4751, 4
4752, 5
4753, 3
4754, 5
4755, 11
4756, 16
4757, 2
4758, 14
4759, 5
4760, 9
4761, 2
4762, 17
4763, 2
4764, 3
4765, 9
4766, 14
4767, 8
4768, 2
4769, 3
4770, 95
4771, 3
4772, 6
4773, 3
4774, 78
4775, 4
4776, 33
4777, 28
4778, 160
4779, 126
4780, 11
4781, 26
4782, 26
4783, 6
4784, 11
4785, 52
4786, 17
4787, 139
4788, 160
4789, 236
4790, 209
4791, 5
4792, 4
4793, 135
4794, 10
4795, 61
4796, 13
4797, 2
4798, 4
4799, 22
4800, 21
4801, 4
4802, 3
4803, 2
4804, 11
4805, 5
4806, 5
4807, 11
4808, 3
4809, 3
4810, 12
4811, 7
4812, 10
4813, 10
4814, 15
4815, 7
4816, 6
4817, 7
4818, 12
4819, 12
4820, 18
4821, 2
4822, 5
4823, 9
4824, 13
4825, 21
4826, 9
4827, 11
4828, 13
4829, 15
4830, 13
4831, 15
4832, 18
4833, 29
4834, 9
4835, 2
4836, 7
4837, 60
4838, 6
4839, 8
4840, 31
4841, 2
4842, 3
4843, 12
4844, 5
4845, 18
4846, 4
4847, 15
4848, 4
4849, 18
4850, 3
4851, 17
4852, 2
4853, 16
4854, 6
4855, 3
4856, 3
4857, 8
4858, 9
4859, 6
4860, 13
4861, 6
4862, 5
4863, 15
4864, 18
4865, 13
4866, 17
4867, 10
4868, 5
4869, 42
4870, 24
4871, 2
4872, 6
4873, 6
4874, 14
4875, 5
4876, 3
4877, 22
4878, 9
4879, 3
4880, 4
4881, 5
4882, 2
4883, 3
4884, 2
4885, 6
4886, 32
4887, 11
4888, 3
4889, 15
4890, 8
4891, 6
4892, 19
4893, 3
4894, 3
4895, 2
4896, 40
4897, 2
4898, 4
4899, 4
4900, 7
4901, 46
4902, 5
4903, 4
4904, 2
4905, 2
4906, 4
4907, 3
4908, 2
4909, 17
4910, 28
4911, 25
4912, 13
4913, 2
4914, 19
4915, 8
4916, 14
4917, 3
4918, 2
4919, 13
4920, 2
4921, 6
4922, 8
4923, 8
4924, 14
4925, 29
4926, 23
4927, 8
4928, 25
4929, 4
4930, 3
4931, 2
4932, 37
4933, 47
4934, 6
4935, 7
4936, 12
4937, 10
4938, 7
4939, 7
4940, 6
4941, 4
4942, 7
4943, 4
4944, 2
4945, 3
4946, 8
4947, 3
4948, 6
4949, 3
4950, 2
4951, 19
4952, 11
4953, 2
4954, 15
4955, 3
4956, 15
4957, 15
4958, 2
4959, 7
4960, 3
4961, 11
4962, 11
4963, 6
4964, 3
4965, 20
4966, 7
4967, 5
4968, 3
4969, 16
4970, 9
4971, 5
4972, 4
4973, 4
4974, 3
4975, 4
4976, 18
4977, 78
4978, 2
4979, 2
4980, 2
4981, 7
4982, 3
4983, 5
4984, 3
4985, 4
4986, 8
4987, 7
4988, 2
4989, 2
4990, 8
4991, 25
4992, 25
4993, 42
4994, 7
4995, 16
4996, 4
4997, 5
4998, 6
4999, 2
5000, 76
5001, 21
5002, 7
5003, 35
5004, 4
5005, 3
5006, 6
5007, 22
5008, 3
5009, 5
5010, 3
5011, 2
5012, 3
5013, 2
5014, 5
5015, 3
5016, 2
5017, 5
5018, 9
5019, 2
5020, 4
5021, 2
5022, 3
5023, 2
5024, 3
5025, 21
5026, 2
5027, 16
5028, 2
5029, 2
5030, 14
5031, 2
5032, 7
5033, 5
5034, 3
5035, 2
5036, 14
5037, 25
5038, 6
5039, 6
5040, 8
5041, 4
5042, 3
5043, 5
5044, 2
5045, 3
5046, 4
5047, 3
5048, 6
5049, 7
5050, 4
5051, 2
5052, 2
5053, 3
5054, 3
5055, 2
5056, 3
5057, 2
5058, 2
5059, 2
5060, 4
5061, 2
5062, 9
5063, 2
5064, 47
5065, 3
5066, 5
5067, 7
5068, 103
5069, 5
5070, 6
5071, 2
5072, 2
5073, 3
5074, 6
5075, 2
5076, 2
5077, 2
5078, 2
5079, 3
5080, 3
5081, 6
5082, 2
5083, 3
5084, 6
5085, 2
5086, 125
5087, 16
5088, 29
5089, 69
5090, 53
5091, 27
5092, 29
5093, 98
5094, 91
5095, 253
5096, 50
5097, 160
5098, 58
5099, 58
5100, 9
5101, 2
5102, 4
5103, 6
5104, 22
5105, 11
5106, 2
5107, 2
5108, 6
5109, 2
5110, 4
5111, 3
5112, 3
5113, 3
5114, 2
5115, 3
5116, 2
5117, 41
5118, 5
5119, 22
5120, 12
5121, 2
5122, 3
5123, 4
5124, 18
5125, 34
5126, 58
5127, 29
5128, 2
5129, 4
5130, 10
5131, 29
5132, 150
5133, 21
5134, 4
5135, 4
5136, 170
5137, 4
5138, 52
5139, 3
5140, 16
5141, 290
5142, 32
5143, 2
5144, 34
5145, 6
5146, 104
5147, 36
5148, 26
5149, 35
5150, 3
5151, 7
5152, 29
5153, 7
5154, 6
5155, 3
5156, 128
5157, 4
5158, 31
5159, 19
5160, 5
5161, 15
5162, 3
5163, 4
5164, 5
5165, 4
5166, 13
5167, 18
5168, 55
5169, 108
5170, 3
5171, 70
5172, 83
5173, 18
5174, 133
5175, 17
5176, 56
5177, 23
5178, 2
5179, 56
5180, 4
5181, 7
5182, 2
5183, 5
5184, 10
5185, 2
5186, 2
5187, 16
5188, 4
5189, 3
5190, 41
5191, 76
5192, 37
5193, 2
5194, 9
5195, 10
5196, 4
5197, 62
5198, 3
5199, 18
5200, 62
5201, 50
5202, 2
5203, 3
5204, 2
5205, 2
5206, 3
5207, 4
5208, 55
5209, 5
5210, 7
5211, 4
5212, 3
5213, 20
5214, 9
5215, 3
5216, 20
5217, 2
5218, 2
5219, 2
5220, 4
5221, 38
5222, 75
5223, 3
5224, 8
5225, 7
5226, 12
5227, 6
5228, 3
5229, 147
5230, 298
5231, 289
5232, 159
5233, 298
5234, 310
5235, 14
5236, 2
5237, 2
5238, 162
5239, 200
5240, 5
5241, 27
5242, 55
5243, 9
5244, 9
5245, 4
5246, 2
5247, 7
5248, 4
5249, 3
5250, 4
5251, 14
5252, 3
5253, 63
5254, 4
5255, 8
5256, 4
5257, 36
5258, 3
5259, 3
5260, 3
5261, 2
5262, 4
5263, 43
5264, 5
5265, 9
5266, 2
5267, 2
5268, 8
5269, 10
5270, 10
5271, 10
5272, 5
5273, 5
5274, 3
5275, 3
5276, 7
5277, 3
5278, 2
5279, 2
5280, 3
5281, 3
5282, 3
5283, 8
5284, 8
5285, 11
5286, 11
5287, 6
5288, 10
5289, 10
5290, 88
5291, 88
5292, 160
5293, 160
5294, 16
5295, 16
5296, 2
5297, 5
5298, 5
5299, 26
5300, 26
5301, 2
5302, 2
5303, 4
5304, 4
5305, 12
5306, 12
5307, 3
5308, 18
5309, 18
5310, 28
5311, 28
5312, 10
5313, 17
5314, 17
5315, 24
5316, 24
5317, 4
5318, 9
5319, 9
5320, 2
5321, 2
5322, 2
5323, 9
5324, 9
5325, 273
5326, 273
5327, 3
5328, 83
5329, 83
5330, 83
5331, 83
5332, 28
5333, 28
5334, 2
5335, 31
5336, 31
5337, 4
5338, 2
5339, 25
5340, 25
5341, 17
5342, 17
5343, 3
5344, 22
5345, 22
5346, 3
5347, 3
5348, 14
5349, 14
5350, 7
5351, 7
5352, 3
5353, 4
5354, 4
5355, 2
5356, 13
5357, 13
5358, 2
5359, 4
5360, 4
5361, 19
5362, 19
5363, 8
5364, 8
5365, 18
5366, 18
5367, 5
5368, 3
5369, 4
5370, 5
5371, 20
5372, 20
5373, 3
5374, 8
5375, 8
5376, 7
5377, 7
5378, 11
5379, 11
5380, 5
5381, 39
5382, 39
5383, 37
5384, 37
5385, 3
5386, 39
5387, 39
5388, 7
5389, 7
5390, 4
5391, 3
5392, 5
5393, 5
5394, 16
5395, 16
5396, 2
5397, 4
5398, 4
5399, 4
5400, 4
5401, 8
5402, 8
5403, 5
5404, 4
5405, 36
5406, 36
5407, 184
5408, 184
5409, 7
5410, 7
5411, 3
5412, 3
5413, 6
5414, 6
5415, 2
5416, 21
5417, 21
5418, 52
5419, 52
5420, 2
5421, 6
5422, 6
5423, 4
5424, 6
5425, 6
5426, 3
5427, 3
5428, 44
5429, 44
5430, 7
5431, 7
5432, 3
5433, 6
5434, 5
5435, 2
5436, 3
5437, 5
5438, 5
5439, 3
5440, 8
5441, 8
5442, 27
5443, 27
5444, 17
5445, 17
5446, 2
5447, 10
5448, 10
5449, 5
5450, 8
5451, 8
5452, 2
5453, 50
5454, 50
5455, 3
5456, 12
5457, 12
5458, 6
5459, 55
5460, 55
5461, 3
5462, 2
5463, 2
5464, 10
5465, 10
5466, 3
5467, 4
5468, 15
5469, 15
5470, 4
5471, 76
5472, 76
5473, 3
5474, 2
5475, 2
5476, 2
5477, 2
5478, 3
5479, 10
5480, 10
5481, 3
5482, 3
5483, 3
5484, 8
5485, 8
5486, 4
5487, 5
5488, 6
5489, 2
5490, 9
5491, 9
5492, 153
5493, 153
5494, 71
5495, 71
5496, 5
5497, 3
5498, 5
5499, 17
5500, 17
5501, 3
5502, 5
5503, 4
5504, 2
5505, 22
5506, 22
5507, 3
5508, 2
5509, 3
5510, 3
5511, 3
5512, 3
5513, 15
5514, 15
5515, 10
5516, 10
5517, 4
5518, 12
5519, 12
5520, 281
5521, 143
5522, 187
5523, 4
5524, 3
5525, 4
5526, 3
5527, 4
5528, 3
5529, 3
5530, 4
5531, 3
5532, 4
5533, 3
5534, 3
5535, 4
5536, 3
5537, 3
5538, 3
5539, 3
5540, 3
5541, 3
5542, 3
5543, 3
5544, 3
5545, 3
5546, 3
5547, 3
5548, 3
5549, 3
5550, 2
5551, 3
5552, 3
5553, 3
5554, 3
5555, 3
5556, 3
5557, 3
5558, 3
5559, 3
5560, 2
5561, 3
5562, 3
5563, 3
5564, 3
5565, 2
5566, 3
5567, 3
5568, 3
5569, 3
5570, 4
5571, 3
5572, 4
5573, 3
5574, 3
5575, 3
5576, 3
5577, 3
5578, 4
5579, 4
5580, 3
5581, 3
5582, 4
5583, 4
5584, 4
5585, 4
5586, 4
5587, 4
5588, 4
5589, 3
5590, 4
5591, 3
5592, 4
5593, 4
5594, 4
5595, 3
5596, 4
5597, 3
5598, 2
5599, 3
5600, 3
5601, 2
5602, 4
5603, 4
5604, 2
5605, 3
5606, 2
5607, 2
5608, 3
5609, 3
5610, 4
5611, 3
5612, 4
5613, 4
5614, 4
5615, 3
5616, 3
5617, 4
5618, 3
5619, 4
5620, 3
5621, 3
5622, 3
5623, 3
5624, 3
5625, 3
5626, 3
5627, 3
5628, 3
5629, 4
5630, 3
5631, 3
5632, 4
5633, 3
5634, 3
5635, 4
5636, 3
5637, 3
5638, 2
5639, 3
5640, 3
5641, 3
5642, 4
5643, 4
5644, 3
5645, 3
5646, 3
5647, 3
5648, 3
5649, 5
5650, 4
5651, 4
5652, 4
5653, 4
5654, 3
5655, 4
5656, 4
5657, 4
5658, 4
5659, 3
5660, 3
5661, 3
5662, 4
5663, 4
5664, 3
5665, 3
5666, 3
5667, 3
5668, 3
5669, 3
5670, 3
5671, 3
5672, 4
5673, 3
5674, 4
5675, 3
5676, 3
5677, 3
5678, 4
5679, 4
5680, 4
5681, 4
5682, 4
5683, 4
5684, 4
5685, 4
5686, 4
5687, 3
5688, 4
5689, 4
5690, 4
5691, 4
5692, 5
5693, 4
5694, 4
5695, 4
5696, 4
5697, 4
5698, 4
5699, 3
5700, 4
5701, 4
5702, 4
5703, 4
5704, 4
5705, 4
5706, 4
5707, 4
5708, 4
5709, 4
5710, 4
5711, 3
5712, 4
5713, 4
5714, 4
5715, 4
5716, 4
5717, 4
5718, 3
5719, 3
5720, 4
5721, 3
5722, 4
5723, 4
5724, 4
5725, 3
5726, 4
5727, 4
5728, 4
5729, 3
5730, 3
5731, 4
5732, 4
5733, 4
5734, 4
5735, 3
5736, 4
5737, 4
5738, 3
5739, 4
5740, 4
5741, 5
5742, 4
5743, 4
5744, 4
5745, 3
5746, 3
5747, 4
5748, 4
5749, 3
5750, 4
5751, 3
5752, 4
5753, 4
5754, 3
5755, 4
5756, 3
5757, 3
5758, 3
5759, 4
5760, 3
5761, 3
5762, 3
5763, 3
5764, 2
5765, 3
5766, 3
5767, 3
5768, 3
5769, 3
5770, 3
5771, 3
5772, 3
5773, 2
5774, 3
5775, 3
5776, 3
5777, 3
5778, 3
5779, 3
5780, 3
5781, 3
5782, 3
5783, 3
5784, 3
5785, 3
5786, 3
5787, 3
5788, 3
5789, 3
5790, 3
5791, 3
5792, 4
5793, 3
5794, 3
5795, 3
5796, 3
5797, 3
5798, 2
5799, 3
5800, 4
